date,bank_reference,description,amount,expected_match
2026-01-01,OPENING,OPENING LEDGER BALANCE,253200.00,
2026-01-03,BNK-0001,CHECK 1045,-3200.00,CHK-1045 (outstanding at 2025-12-31)
2026-01-05,BNK-0002,DEPOSIT ACME ROBOTICS INC,32475.00,RCPT-0001
2026-01-08,BNK-0003,ACH DEBIT BATCH 0001 NORTHWIND AP,-32300.00,PAY-RUN-01
2026-01-15,BNK-0004,ACH DEBIT PAYROLLCO BONUS,-15000.00,JE-0001
2026-01-16,BNK-0005,DEPOSIT CASCADE MACHINING,24025.00,RCPT-0002
2026-01-20,BNK-0006,ACH DEBIT TX COMPTROLLER STX,-3300.00,STX-PAY-2512
2026-01-22,BNK-0007,ACH DEBIT BATCH 0002 NORTHWIND AP,-19000.00,PAY-RUN-02
2026-01-26,BNK-0008,DEPOSIT LONE STAR DISTRIB,20000.00,RCPT-0003
2026-01-31,BNK-0009,ACCOUNT SERVICE FEE,-45.00,BANK-FEE-2601
2026-01-31,BNK-0010,LOAN INTEREST LOC 50000,-300.00,BANK-INT-2601
2026-01-31,CLOSING,CLOSING LEDGER BALANCE,256555.00,
